<?xml version="1.0" encoding="utf-8"?>
<DataBase xmlns:xsd="http://www.w3.org/2001/XMLSchema" xmlns:xsi="http://www.w3.org/2001/XMLSchema-instance">
  <PrefixLength>4</PrefixLength>
  <LastUpdated>2016-08-24</LastUpdated>
  <NameSimilarity>0.8</NameSimilarity>
  <Protocols>
    <Protocol>
      <LastUpdated>2016-08-24</LastUpdated>
      <Structures>
        <Structure>
          <HealthStatus>1000</HealthStatus>
          <NameCertainty>0</NameCertainty>
          <CreatedBy>r187646</CreatedBy>
          <Criteria>
            <Criterion xsi:type="BelowDoseRelAtVolumeRelCriterion">
              <Name>D(%) ≤2 at V=2 %</Name>
              <Priority>1</Priority>
              <PartPlan>0</PartPlan>
              <ReadValue>0</ReadValue>
              <Dose>2</Dose>
              <Volume>2</Volume>
              <CreatedBy>r187646</CreatedBy>
            </Criterion>
          </Criteria>
          <Name>bopdy</Name>
        </Structure>
        <Structure>
          <HealthStatus>1000</HealthStatus>
          <NameCertainty>0</NameCertainty>
          <CreatedBy>r187646</CreatedBy>
          <Criteria>
            <Criterion xsi:type="BelowDoseRelAtVolumeRelCriterion">
              <Name>D(%) ≤3 at V=3 %</Name>
              <Priority>1</Priority>
              <PartPlan>0</PartPlan>
              <ReadValue>0</ReadValue>
              <Dose>3</Dose>
              <Volume>3</Volume>
              <CreatedBy>r187646</CreatedBy>
            </Criterion>
          </Criteria>
          <Name>xdsf</Name>
        </Structure>
        <Structure>
          <HealthStatus>1000</HealthStatus>
          <NameCertainty>0</NameCertainty>
          <CreatedBy>r187646</CreatedBy>
          <Criteria>
            <Criterion xsi:type="BelowDoseRelAtVolumeRelCriterion">
              <Name>D(%) ≤3 at V=3 %</Name>
              <Priority>1</Priority>
              <PartPlan>0</PartPlan>
              <ReadValue>0</ReadValue>
              <Dose>3</Dose>
              <Volume>3</Volume>
              <CreatedBy>r187646</CreatedBy>
            </Criterion>
          </Criteria>
          <Name>xdsfe</Name>
        </Structure>
      </Structures>
      <CreatedBy>r187646</CreatedBy>
      <Name>test22</Name>
      <Dose>2</Dose>
      <Fractions>2</Fractions>
    </Protocol>
    <Protocol xsi:type="UnknownProtocol">
      <LastUpdated>never</LastUpdated>
      <Structures />
      <CreatedBy>Martin Olin</CreatedBy>
      <Name>unknown</Name>
      <Dose>1</Dose>
      <Fractions>1</Fractions>
    </Protocol>
  </Protocols>
  <HighLight>
    <Highlight>
      <Name>medulla</Name>
      <A>255</A>
      <R>255</R>
      <G>140</G>
      <B>0</B>
    </Highlight>
    <Highlight>
      <Name>medulla</Name>
      <A>255</A>
      <R>255</R>
      <G>140</G>
      <B>0</B>
    </Highlight>
    <Highlight>
      <Name>medulla</Name>
      <A>255</A>
      <R>255</R>
      <G>140</G>
      <B>0</B>
    </Highlight>
  </HighLight>
  <AbsDoseVolymBinWidth>0.001</AbsDoseVolymBinWidth>
</DataBase>